review,sentiment
Terrible experience. Will never buy again.,negative
"Broke after one use, waste of money.",negative
Absolutely fantastic! Highly recommend it.,positive
Stopped working after a week.,negative
"Five stars, very satisfied.",positive
Absolutely fantastic! Highly recommend it.,positive
Really happy with this purchase.,positive
Stopped working after a week.,negative
Really happy with this purchase.,positive
Will return it immediately.,negative
Terrible experience. Will never buy again.,negative
"Very disappointed, do not recommend.",negative
Customer service was unhelpful.,negative
Amazing quality and very useful.,positive
"Works fine, but expected more.",neutral
"Five stars, very satisfied.",positive
Will definitely buy again!,positive
Terrible experience. Will never buy again.,negative
Stopped working after a week.,negative
"Five stars, very satisfied.",positive
Exceeded my expectations in every way.,positive
Meets basic expectations.,neutral
"Works fine, but expected more.",neutral
Worst purchase ever. Completely useless.,negative
Amazing quality and very useful.,positive
Worst purchase ever. Completely useless.,negative
"It's okay, does the job.",neutral
Great value for the price.,positive
Customer service was unhelpful.,negative
Will definitely buy again!,positive
Exceeded my expectations in every way.,positive
Worst purchase ever. Completely useless.,negative
"Very disappointed, do not recommend.",negative
"Broke after one use, waste of money.",negative
"Five stars, very satisfied.",positive
Really happy with this purchase.,positive
Will definitely buy again!,positive
"Not bad, but could be better.",neutral
I love this product! Works great and exceeded my expectations.,positive
It's alright for the price.,neutral
Amazing quality and very useful.,positive
Meets basic expectations.,neutral
"Works fine, but expected more.",neutral
Great value for the price.,positive
Great value for the price.,positive
Best purchase I've made this year!,positive
Really happy with this purchase.,positive
"Save your money, this is junk.",negative
"Save your money, this is junk.",negative
Amazing quality and very useful.,positive
"Average quality, nothing special.",neutral
Worst purchase ever. Completely useless.,negative
Worst purchase ever. Completely useless.,negative
Best purchase I've made this year!,positive
"Not as described, very dissatisfied.",negative
"Not as described, very dissatisfied.",negative
Great value for the price.,positive
Stopped working after a week.,negative
"Not bad, but could be better.",neutral
Worst purchase ever. Completely useless.,negative
Stopped working after a week.,negative
Customer service was unhelpful.,negative
"Five stars, very satisfied.",positive
I love this product! Works great and exceeded my expectations.,positive
"Mediocre product, but acceptable.",neutral
"Average quality, nothing special.",neutral
Worst purchase ever. Completely useless.,negative
"Mediocre product, but acceptable.",neutral
Satisfactory performance.,neutral
"Very disappointed, do not recommend.",negative
Best purchase I've made this year!,positive
Stopped working after a week.,negative
Meets basic expectations.,neutral
I love this product! Works great and exceeded my expectations.,positive
Will definitely buy again!,positive
"Mediocre product, but acceptable.",neutral
Amazing quality and very useful.,positive
"It's okay, does the job.",neutral
Great value for the price.,positive
Satisfactory performance.,neutral
"Very disappointed, do not recommend.",negative
Stopped working after a week.,negative
Really happy with this purchase.,positive
It's alright for the price.,neutral
Satisfactory performance.,neutral
"Broke after one use, waste of money.",negative
"Not as described, very dissatisfied.",negative
"Works fine, but expected more.",neutral
Stopped working after a week.,negative
"Broke after one use, waste of money.",negative
Will definitely buy again!,positive
Really happy with this purchase.,positive
Amazing quality and very useful.,positive
I love this product! Works great and exceeded my expectations.,positive
I love this product! Works great and exceeded my expectations.,positive
"It's okay, does the job.",neutral
"Poor quality, not worth the price.",negative
"Broke after one use, waste of money.",negative
"Save your money, this is junk.",negative
"Broke after one use, waste of money.",negative
"Not as described, very dissatisfied.",negative
Absolutely fantastic! Highly recommend it.,positive
Customer service was unhelpful.,negative
Will return it immediately.,negative
"Not bad, but could be better.",neutral
Worst purchase ever. Completely useless.,negative
Will definitely buy again!,positive
"It's okay, does the job.",neutral
Amazing quality and very useful.,positive
"Very disappointed, do not recommend.",negative
"Poor quality, not worth the price.",negative
Worst purchase ever. Completely useless.,negative
Stopped working after a week.,negative
Really happy with this purchase.,positive
"It's okay, does the job.",neutral
Neither good nor bad.,neutral
Great value for the price.,positive
"Not as described, very dissatisfied.",negative
"Average quality, nothing special.",neutral
"Five stars, very satisfied.",positive
Great value for the price.,positive
Really happy with this purchase.,positive
Will return it immediately.,negative
Exceeded my expectations in every way.,positive
I love this product! Works great and exceeded my expectations.,positive
Stopped working after a week.,negative
Will definitely buy again!,positive
Top-notch product and service.,positive
Stopped working after a week.,negative
Really happy with this purchase.,positive
Best purchase I've made this year!,positive
Absolutely fantastic! Highly recommend it.,positive
"Broke after one use, waste of money.",negative
"Save your money, this is junk.",negative
Top-notch product and service.,positive
Absolutely fantastic! Highly recommend it.,positive
"Save your money, this is junk.",negative
Customer service was unhelpful.,negative
Neither good nor bad.,neutral
Customer service was unhelpful.,negative
"Five stars, very satisfied.",positive
Exceeded my expectations in every way.,positive
Worst purchase ever. Completely useless.,negative
Top-notch product and service.,positive
"It's okay, does the job.",neutral
Amazing quality and very useful.,positive
"Very disappointed, do not recommend.",negative
"It's okay, does the job.",neutral
"Works fine, but expected more.",neutral
Great value for the price.,positive
"Mediocre product, but acceptable.",neutral
Stopped working after a week.,negative
Really happy with this purchase.,positive
Absolutely fantastic! Highly recommend it.,positive
"Average quality, nothing special.",neutral
Absolutely fantastic! Highly recommend it.,positive
"Very disappointed, do not recommend.",negative
Top-notch product and service.,positive
Will definitely buy again!,positive
Exceeded my expectations in every way.,positive
"Poor quality, not worth the price.",negative
"Not bad, but could be better.",neutral
"Five stars, very satisfied.",positive
"Not bad, but could be better.",neutral
Best purchase I've made this year!,positive
"Poor quality, not worth the price.",negative
Great value for the price.,positive
"Not as described, very dissatisfied.",negative
Worst purchase ever. Completely useless.,negative
Best purchase I've made this year!,positive
Customer service was unhelpful.,negative
"Very disappointed, do not recommend.",negative
Terrible experience. Will never buy again.,negative
I love this product! Works great and exceeded my expectations.,positive
Neither good nor bad.,neutral
Worst purchase ever. Completely useless.,negative
Really happy with this purchase.,positive
It's alright for the price.,neutral
"Average quality, nothing special.",neutral
Neither good nor bad.,neutral
"Average quality, nothing special.",neutral
"Not bad, but could be better.",neutral
Will definitely buy again!,positive
"Not as described, very dissatisfied.",negative
Neither good nor bad.,neutral
Absolutely fantastic! Highly recommend it.,positive
I love this product! Works great and exceeded my expectations.,positive
Neither good nor bad.,neutral
Great value for the price.,positive
Amazing quality and very useful.,positive
Amazing quality and very useful.,positive
Exceeded my expectations in every way.,positive
"Mediocre product, but acceptable.",neutral
Really happy with this purchase.,positive
Really happy with this purchase.,positive
I love this product! Works great and exceeded my expectations.,positive
Exceeded my expectations in every way.,positive
Exceeded my expectations in every way.,positive
Top-notch product and service.,positive
Customer service was unhelpful.,negative
Stopped working after a week.,negative
Top-notch product and service.,positive
I love this product! Works great and exceeded my expectations.,positive
Terrible experience. Will never buy again.,negative
Stopped working after a week.,negative
"Broke after one use, waste of money.",negative
Absolutely fantastic! Highly recommend it.,positive
"Works fine, but expected more.",neutral
Worst purchase ever. Completely useless.,negative
"Poor quality, not worth the price.",negative
"Not as described, very dissatisfied.",negative
Exceeded my expectations in every way.,positive
"Broke after one use, waste of money.",negative
"Not as described, very dissatisfied.",negative
"Very disappointed, do not recommend.",negative
"Poor quality, not worth the price.",negative
Terrible experience. Will never buy again.,negative
Amazing quality and very useful.,positive
"Save your money, this is junk.",negative
Customer service was unhelpful.,negative
Will return it immediately.,negative
Stopped working after a week.,negative
"Very disappointed, do not recommend.",negative
"Poor quality, not worth the price.",negative
"Save your money, this is junk.",negative
Amazing quality and very useful.,positive
"Broke after one use, waste of money.",negative
"Average quality, nothing special.",neutral
Amazing quality and very useful.,positive
Meets basic expectations.,neutral
"It's okay, does the job.",neutral
"Save your money, this is junk.",negative
"Five stars, very satisfied.",positive
"Broke after one use, waste of money.",negative
I love this product! Works great and exceeded my expectations.,positive
"It's okay, does the job.",neutral
"Broke after one use, waste of money.",negative
Really happy with this purchase.,positive
Stopped working after a week.,negative
Absolutely fantastic! Highly recommend it.,positive
Will return it immediately.,negative
Stopped working after a week.,negative
Will return it immediately.,negative
Stopped working after a week.,negative
Stopped working after a week.,negative
"Very disappointed, do not recommend.",negative
Will return it immediately.,negative
"Broke after one use, waste of money.",negative
"Mediocre product, but acceptable.",neutral
Stopped working after a week.,negative
"Broke after one use, waste of money.",negative
Absolutely fantastic! Highly recommend it.,positive
"Broke after one use, waste of money.",negative
Will definitely buy again!,positive
"It's okay, does the job.",neutral
Amazing quality and very useful.,positive
Best purchase I've made this year!,positive
Worst purchase ever. Completely useless.,negative
Customer service was unhelpful.,negative
"Not as described, very dissatisfied.",negative
"Five stars, very satisfied.",positive
Top-notch product and service.,positive
"Not bad, but could be better.",neutral
Meets basic expectations.,neutral
I love this product! Works great and exceeded my expectations.,positive
"Mediocre product, but acceptable.",neutral
"Not as described, very dissatisfied.",negative
Stopped working after a week.,negative
"Broke after one use, waste of money.",negative
"Poor quality, not worth the price.",negative
Terrible experience. Will never buy again.,negative
"Five stars, very satisfied.",positive
Will return it immediately.,negative
Meets basic expectations.,neutral
"Not as described, very dissatisfied.",negative
Terrible experience. Will never buy again.,negative
"Five stars, very satisfied.",positive
Great value for the price.,positive
Exceeded my expectations in every way.,positive
Amazing quality and very useful.,positive
Customer service was unhelpful.,negative
"Not as described, very dissatisfied.",negative
"Five stars, very satisfied.",positive
Absolutely fantastic! Highly recommend it.,positive
Stopped working after a week.,negative
Will definitely buy again!,positive
Absolutely fantastic! Highly recommend it.,positive
Terrible experience. Will never buy again.,negative
"Broke after one use, waste of money.",negative
I love this product! Works great and exceeded my expectations.,positive
"Broke after one use, waste of money.",negative
Absolutely fantastic! Highly recommend it.,positive
"Broke after one use, waste of money.",negative
"Poor quality, not worth the price.",negative
"Very disappointed, do not recommend.",negative
Worst purchase ever. Completely useless.,negative
"Very disappointed, do not recommend.",negative
"It's okay, does the job.",neutral
"Poor quality, not worth the price.",negative
"Not as described, very dissatisfied.",negative
Amazing quality and very useful.,positive
Amazing quality and very useful.,positive
Exceeded my expectations in every way.,positive
Meets basic expectations.,neutral
Meets basic expectations.,neutral
Customer service was unhelpful.,negative
Customer service was unhelpful.,negative
Will definitely buy again!,positive
"Five stars, very satisfied.",positive
"It's okay, does the job.",neutral
Customer service was unhelpful.,negative
Will return it immediately.,negative
"Not as described, very dissatisfied.",negative
Really happy with this purchase.,positive
"Mediocre product, but acceptable.",neutral
Stopped working after a week.,negative
Will return it immediately.,negative
"Save your money, this is junk.",negative
Amazing quality and very useful.,positive
"It's okay, does the job.",neutral
Great value for the price.,positive
Great value for the price.,positive
"Not as described, very dissatisfied.",negative
Great value for the price.,positive
"Average quality, nothing special.",neutral
Customer service was unhelpful.,negative
Customer service was unhelpful.,negative
Top-notch product and service.,positive
"Poor quality, not worth the price.",negative
Stopped working after a week.,negative
"It's okay, does the job.",neutral
"Five stars, very satisfied.",positive
"Broke after one use, waste of money.",negative
Will return it immediately.,negative
Terrible experience. Will never buy again.,negative
Amazing quality and very useful.,positive
"Broke after one use, waste of money.",negative
Top-notch product and service.,positive
Really happy with this purchase.,positive
"Not as described, very dissatisfied.",negative
Satisfactory performance.,neutral
Great value for the price.,positive
Exceeded my expectations in every way.,positive
Amazing quality and very useful.,positive
Really happy with this purchase.,positive
"Average quality, nothing special.",neutral
Great value for the price.,positive
Top-notch product and service.,positive
Satisfactory performance.,neutral
Worst purchase ever. Completely useless.,negative
"Mediocre product, but acceptable.",neutral
Best purchase I've made this year!,positive
Really happy with this purchase.,positive
I love this product! Works great and exceeded my expectations.,positive
Satisfactory performance.,neutral
Best purchase I've made this year!,positive
Will return it immediately.,negative
I love this product! Works great and exceeded my expectations.,positive
Will return it immediately.,negative
Customer service was unhelpful.,negative
I love this product! Works great and exceeded my expectations.,positive
Great value for the price.,positive
Absolutely fantastic! Highly recommend it.,positive
Worst purchase ever. Completely useless.,negative
Terrible experience. Will never buy again.,negative
Top-notch product and service.,positive
"It's okay, does the job.",neutral
"It's okay, does the job.",neutral
"Not as described, very dissatisfied.",negative
"Save your money, this is junk.",negative
Really happy with this purchase.,positive
Great value for the price.,positive
Top-notch product and service.,positive
"Mediocre product, but acceptable.",neutral
Terrible experience. Will never buy again.,negative
Worst purchase ever. Completely useless.,negative
Neither good nor bad.,neutral
"Poor quality, not worth the price.",negative
"Very disappointed, do not recommend.",negative
Really happy with this purchase.,positive
I love this product! Works great and exceeded my expectations.,positive
"Save your money, this is junk.",negative
Terrible experience. Will never buy again.,negative
Exceeded my expectations in every way.,positive
Will return it immediately.,negative
Amazing quality and very useful.,positive
Meets basic expectations.,neutral
"Broke after one use, waste of money.",negative
Stopped working after a week.,negative
Best purchase I've made this year!,positive
"Average quality, nothing special.",neutral
Best purchase I've made this year!,positive
"Save your money, this is junk.",negative
"Save your money, this is junk.",negative
"Not impressive, but not terrible either.",neutral
Exceeded my expectations in every way.,positive
"Poor quality, not worth the price.",negative
Will return it immediately.,negative
"Save your money, this is junk.",negative
"Five stars, very satisfied.",positive
"Save your money, this is junk.",negative
Absolutely fantastic! Highly recommend it.,positive
Top-notch product and service.,positive
Terrible experience. Will never buy again.,negative
"Mediocre product, but acceptable.",neutral
"Very disappointed, do not recommend.",negative
Will return it immediately.,negative
"Average quality, nothing special.",neutral
It's alright for the price.,neutral
Will return it immediately.,negative
"Not impressive, but not terrible either.",neutral
Will definitely buy again!,positive
Absolutely fantastic! Highly recommend it.,positive
"Works fine, but expected more.",neutral
Will return it immediately.,negative
"Five stars, very satisfied.",positive
Satisfactory performance.,neutral
Absolutely fantastic! Highly recommend it.,positive
Will definitely buy again!,positive
"Five stars, very satisfied.",positive
"Not bad, but could be better.",neutral
Stopped working after a week.,negative
Terrible experience. Will never buy again.,negative
Will definitely buy again!,positive
Will return it immediately.,negative
Terrible experience. Will never buy again.,negative
Really happy with this purchase.,positive
Exceeded my expectations in every way.,positive
Will return it immediately.,negative
Top-notch product and service.,positive
"Very disappointed, do not recommend.",negative
I love this product! Works great and exceeded my expectations.,positive
Worst purchase ever. Completely useless.,negative
Absolutely fantastic! Highly recommend it.,positive
Worst purchase ever. Completely useless.,negative
"Very disappointed, do not recommend.",negative
"Poor quality, not worth the price.",negative
"Poor quality, not worth the price.",negative
Will return it immediately.,negative
Neither good nor bad.,neutral
"Very disappointed, do not recommend.",negative
Top-notch product and service.,positive
"Very disappointed, do not recommend.",negative
"Mediocre product, but acceptable.",neutral
"Not as described, very dissatisfied.",negative
Really happy with this purchase.,positive
I love this product! Works great and exceeded my expectations.,positive
Exceeded my expectations in every way.,positive
Meets basic expectations.,neutral
"Not impressive, but not terrible either.",neutral
"Not impressive, but not terrible either.",neutral
Customer service was unhelpful.,negative
Really happy with this purchase.,positive
Will definitely buy again!,positive
Neither good nor bad.,neutral
"Broke after one use, waste of money.",negative
It's alright for the price.,neutral
Great value for the price.,positive
"Not as described, very dissatisfied.",negative
Best purchase I've made this year!,positive
Terrible experience. Will never buy again.,negative
Top-notch product and service.,positive
Absolutely fantastic! Highly recommend it.,positive
"Not impressive, but not terrible either.",neutral
Great value for the price.,positive
Best purchase I've made this year!,positive
"Very disappointed, do not recommend.",negative
Exceeded my expectations in every way.,positive
"Five stars, very satisfied.",positive
Customer service was unhelpful.,negative
Satisfactory performance.,neutral
Will definitely buy again!,positive
Will return it immediately.,negative
"Not bad, but could be better.",neutral
"Broke after one use, waste of money.",negative
"Poor quality, not worth the price.",negative
"It's okay, does the job.",neutral
Worst purchase ever. Completely useless.,negative
Worst purchase ever. Completely useless.,negative
"Poor quality, not worth the price.",negative
"Not bad, but could be better.",neutral
I love this product! Works great and exceeded my expectations.,positive
Will definitely buy again!,positive
"Broke after one use, waste of money.",negative
"Save your money, this is junk.",negative
"Very disappointed, do not recommend.",negative
Absolutely fantastic! Highly recommend it.,positive
"Not as described, very dissatisfied.",negative
"Broke after one use, waste of money.",negative
"Save your money, this is junk.",negative
Great value for the price.,positive
Will return it immediately.,negative
I love this product! Works great and exceeded my expectations.,positive
"Not impressive, but not terrible either.",neutral
Satisfactory performance.,neutral
Great value for the price.,positive
Meets basic expectations.,neutral
"Five stars, very satisfied.",positive
Will return it immediately.,negative
Neither good nor bad.,neutral
"Not impressive, but not terrible either.",neutral
"Five stars, very satisfied.",positive
"Save your money, this is junk.",negative
Exceeded my expectations in every way.,positive
"Five stars, very satisfied.",positive
Top-notch product and service.,positive
"Not bad, but could be better.",neutral
"Not impressive, but not terrible either.",neutral
"Mediocre product, but acceptable.",neutral
"Broke after one use, waste of money.",negative
Customer service was unhelpful.,negative
Amazing quality and very useful.,positive
"Very disappointed, do not recommend.",negative
Terrible experience. Will never buy again.,negative
Great value for the price.,positive
Will definitely buy again!,positive
Worst purchase ever. Completely useless.,negative
"Works fine, but expected more.",neutral
"Very disappointed, do not recommend.",negative
Really happy with this purchase.,positive
"Works fine, but expected more.",neutral
"Poor quality, not worth the price.",negative
"Mediocre product, but acceptable.",neutral
"Not impressive, but not terrible either.",neutral
"Mediocre product, but acceptable.",neutral
Customer service was unhelpful.,negative
"Not impressive, but not terrible either.",neutral
"Average quality, nothing special.",neutral
"Broke after one use, waste of money.",negative
It's alright for the price.,neutral
Satisfactory performance.,neutral
"Five stars, very satisfied.",positive
Really happy with this purchase.,positive
Will definitely buy again!,positive
"Poor quality, not worth the price.",negative
Customer service was unhelpful.,negative
Amazing quality and very useful.,positive
"Save your money, this is junk.",negative
Satisfactory performance.,neutral
Top-notch product and service.,positive
Absolutely fantastic! Highly recommend it.,positive
Will return it immediately.,negative
"Mediocre product, but acceptable.",neutral
Worst purchase ever. Completely useless.,negative
I love this product! Works great and exceeded my expectations.,positive
Great value for the price.,positive
Amazing quality and very useful.,positive
"Average quality, nothing special.",neutral
Will definitely buy again!,positive
Stopped working after a week.,negative
"Very disappointed, do not recommend.",negative
"It's okay, does the job.",neutral
Meets basic expectations.,neutral
"Poor quality, not worth the price.",negative
Will definitely buy again!,positive
Great value for the price.,positive
"Works fine, but expected more.",neutral
Will definitely buy again!,positive
Customer service was unhelpful.,negative
Exceeded my expectations in every way.,positive
Absolutely fantastic! Highly recommend it.,positive
"Not impressive, but not terrible either.",neutral
Amazing quality and very useful.,positive
"Save your money, this is junk.",negative
"Not bad, but could be better.",neutral
"Broke after one use, waste of money.",negative
Meets basic expectations.,neutral
Really happy with this purchase.,positive
Amazing quality and very useful.,positive
Neither good nor bad.,neutral
Best purchase I've made this year!,positive
"Save your money, this is junk.",negative
Best purchase I've made this year!,positive
Satisfactory performance.,neutral
Best purchase I've made this year!,positive
I love this product! Works great and exceeded my expectations.,positive
Will definitely buy again!,positive
"Broke after one use, waste of money.",negative
Terrible experience. Will never buy again.,negative
I love this product! Works great and exceeded my expectations.,positive
"Five stars, very satisfied.",positive
Worst purchase ever. Completely useless.,negative
Customer service was unhelpful.,negative
Worst purchase ever. Completely useless.,negative
"Broke after one use, waste of money.",negative
"Not bad, but could be better.",neutral
Stopped working after a week.,negative
I love this product! Works great and exceeded my expectations.,positive
Great value for the price.,positive
It's alright for the price.,neutral
Will return it immediately.,negative
Will return it immediately.,negative
Absolutely fantastic! Highly recommend it.,positive
Best purchase I've made this year!,positive
Exceeded my expectations in every way.,positive
"Save your money, this is junk.",negative
Customer service was unhelpful.,negative
Top-notch product and service.,positive
Will return it immediately.,negative
"Not as described, very dissatisfied.",negative
Absolutely fantastic! Highly recommend it.,positive
Satisfactory performance.,neutral
"Broke after one use, waste of money.",negative
"Broke after one use, waste of money.",negative
Will return it immediately.,negative
Absolutely fantastic! Highly recommend it.,positive
Will definitely buy again!,positive
Customer service was unhelpful.,negative
"Not impressive, but not terrible either.",neutral
Absolutely fantastic! Highly recommend it.,positive
Absolutely fantastic! Highly recommend it.,positive
Customer service was unhelpful.,negative
Satisfactory performance.,neutral
Really happy with this purchase.,positive
Worst purchase ever. Completely useless.,negative
"Not as described, very dissatisfied.",negative
"Not bad, but could be better.",neutral
Meets basic expectations.,neutral
Absolutely fantastic! Highly recommend it.,positive
"Broke after one use, waste of money.",negative
Great value for the price.,positive
Absolutely fantastic! Highly recommend it.,positive
Really happy with this purchase.,positive
Exceeded my expectations in every way.,positive
"Not as described, very dissatisfied.",negative
Meets basic expectations.,neutral
Stopped working after a week.,negative
Exceeded my expectations in every way.,positive
Exceeded my expectations in every way.,positive
"Poor quality, not worth the price.",negative
"Works fine, but expected more.",neutral
Best purchase I've made this year!,positive
"Not as described, very dissatisfied.",negative
I love this product! Works great and exceeded my expectations.,positive
Really happy with this purchase.,positive
"Five stars, very satisfied.",positive
"Very disappointed, do not recommend.",negative
Will definitely buy again!,positive
"Save your money, this is junk.",negative
Terrible experience. Will never buy again.,negative
Top-notch product and service.,positive
Absolutely fantastic! Highly recommend it.,positive
"Five stars, very satisfied.",positive
Will return it immediately.,negative
"Broke after one use, waste of money.",negative
Worst purchase ever. Completely useless.,negative
Absolutely fantastic! Highly recommend it.,positive
Top-notch product and service.,positive
"Poor quality, not worth the price.",negative
"Five stars, very satisfied.",positive
"Not bad, but could be better.",neutral
Exceeded my expectations in every way.,positive
"Average quality, nothing special.",neutral
"Poor quality, not worth the price.",negative
I love this product! Works great and exceeded my expectations.,positive
"Not as described, very dissatisfied.",negative
"Five stars, very satisfied.",positive
"Broke after one use, waste of money.",negative
Customer service was unhelpful.,negative
I love this product! Works great and exceeded my expectations.,positive
Will return it immediately.,negative
"Works fine, but expected more.",neutral
"Save your money, this is junk.",negative
"Not as described, very dissatisfied.",negative
"Five stars, very satisfied.",positive
Will definitely buy again!,positive
Top-notch product and service.,positive
Customer service was unhelpful.,negative
Absolutely fantastic! Highly recommend it.,positive
Top-notch product and service.,positive
Worst purchase ever. Completely useless.,negative
Exceeded my expectations in every way.,positive
"Broke after one use, waste of money.",negative
Best purchase I've made this year!,positive
Absolutely fantastic! Highly recommend it.,positive
"Broke after one use, waste of money.",negative
"Works fine, but expected more.",neutral
Best purchase I've made this year!,positive
Best purchase I've made this year!,positive
Best purchase I've made this year!,positive
Worst purchase ever. Completely useless.,negative
Great value for the price.,positive
"Save your money, this is junk.",negative
Will return it immediately.,negative
"Save your money, this is junk.",negative
"Save your money, this is junk.",negative
Will definitely buy again!,positive
Absolutely fantastic! Highly recommend it.,positive
"Poor quality, not worth the price.",negative
"Save your money, this is junk.",negative
Really happy with this purchase.,positive
Great value for the price.,positive
Terrible experience. Will never buy again.,negative
Exceeded my expectations in every way.,positive
Absolutely fantastic! Highly recommend it.,positive
Stopped working after a week.,negative
Top-notch product and service.,positive
Terrible experience. Will never buy again.,negative
"Save your money, this is junk.",negative
Customer service was unhelpful.,negative
Stopped working after a week.,negative
I love this product! Works great and exceeded my expectations.,positive
Customer service was unhelpful.,negative
"It's okay, does the job.",neutral
"Very disappointed, do not recommend.",negative
Great value for the price.,positive
Satisfactory performance.,neutral
"Very disappointed, do not recommend.",negative
Exceeded my expectations in every way.,positive
Will definitely buy again!,positive
Terrible experience. Will never buy again.,negative
Customer service was unhelpful.,negative
Absolutely fantastic! Highly recommend it.,positive
"Not as described, very dissatisfied.",negative
Top-notch product and service.,positive
"Works fine, but expected more.",neutral
Best purchase I've made this year!,positive
"Mediocre product, but acceptable.",neutral
It's alright for the price.,neutral
Absolutely fantastic! Highly recommend it.,positive
"Five stars, very satisfied.",positive
Customer service was unhelpful.,negative
Satisfactory performance.,neutral
"Five stars, very satisfied.",positive
Terrible experience. Will never buy again.,negative
Best purchase I've made this year!,positive
"Works fine, but expected more.",neutral
"Not impressive, but not terrible either.",neutral
Best purchase I've made this year!,positive
Exceeded my expectations in every way.,positive
"It's okay, does the job.",neutral
Stopped working after a week.,negative
Satisfactory performance.,neutral
Will definitely buy again!,positive
Meets basic expectations.,neutral
"Five stars, very satisfied.",positive
Best purchase I've made this year!,positive
Meets basic expectations.,neutral
"Average quality, nothing special.",neutral
Terrible experience. Will never buy again.,negative
"Broke after one use, waste of money.",negative
Meets basic expectations.,neutral
Great value for the price.,positive
Amazing quality and very useful.,positive
Great value for the price.,positive
Neither good nor bad.,neutral
Top-notch product and service.,positive
"Not impressive, but not terrible either.",neutral
"Not as described, very dissatisfied.",negative
"Not as described, very dissatisfied.",negative
Neither good nor bad.,neutral
"Average quality, nothing special.",neutral
"Not bad, but could be better.",neutral
Customer service was unhelpful.,negative
Worst purchase ever. Completely useless.,negative
Stopped working after a week.,negative
"Mediocre product, but acceptable.",neutral
Best purchase I've made this year!,positive
Really happy with this purchase.,positive
"Five stars, very satisfied.",positive
Amazing quality and very useful.,positive
"Works fine, but expected more.",neutral
It's alright for the price.,neutral
Really happy with this purchase.,positive
"Five stars, very satisfied.",positive
"Works fine, but expected more.",neutral
Will definitely buy again!,positive
"Works fine, but expected more.",neutral
"Very disappointed, do not recommend.",negative
Great value for the price.,positive
"Very disappointed, do not recommend.",negative
Will return it immediately.,negative
Terrible experience. Will never buy again.,negative
"Not bad, but could be better.",neutral
Best purchase I've made this year!,positive
"Save your money, this is junk.",negative
Worst purchase ever. Completely useless.,negative
"Broke after one use, waste of money.",negative
I love this product! Works great and exceeded my expectations.,positive
Top-notch product and service.,positive
Worst purchase ever. Completely useless.,negative
"Not impressive, but not terrible either.",neutral
Terrible experience. Will never buy again.,negative
"Save your money, this is junk.",negative
Best purchase I've made this year!,positive
I love this product! Works great and exceeded my expectations.,positive
"Broke after one use, waste of money.",negative
"Very disappointed, do not recommend.",negative
Worst purchase ever. Completely useless.,negative
Customer service was unhelpful.,negative
Really happy with this purchase.,positive
Stopped working after a week.,negative
"Not as described, very dissatisfied.",negative
"Not bad, but could be better.",neutral
Customer service was unhelpful.,negative
I love this product! Works great and exceeded my expectations.,positive
Absolutely fantastic! Highly recommend it.,positive
Absolutely fantastic! Highly recommend it.,positive
Customer service was unhelpful.,negative
Will definitely buy again!,positive
"Very disappointed, do not recommend.",negative
"Not impressive, but not terrible either.",neutral
"Not impressive, but not terrible either.",neutral
"Very disappointed, do not recommend.",negative
Great value for the price.,positive
Amazing quality and very useful.,positive
Amazing quality and very useful.,positive
"Works fine, but expected more.",neutral
Satisfactory performance.,neutral
Really happy with this purchase.,positive
Terrible experience. Will never buy again.,negative
"Broke after one use, waste of money.",negative
I love this product! Works great and exceeded my expectations.,positive
"Works fine, but expected more.",neutral
Will definitely buy again!,positive
"Not as described, very dissatisfied.",negative
"Not as described, very dissatisfied.",negative
Best purchase I've made this year!,positive
Will return it immediately.,negative
Really happy with this purchase.,positive
Absolutely fantastic! Highly recommend it.,positive
Worst purchase ever. Completely useless.,negative
"Very disappointed, do not recommend.",negative
Customer service was unhelpful.,negative
Will definitely buy again!,positive
"Poor quality, not worth the price.",negative
"Not as described, very dissatisfied.",negative
Great value for the price.,positive
I love this product! Works great and exceeded my expectations.,positive
Customer service was unhelpful.,negative
"Not as described, very dissatisfied.",negative
I love this product! Works great and exceeded my expectations.,positive
"Five stars, very satisfied.",positive
Best purchase I've made this year!,positive
"Average quality, nothing special.",neutral
"Not impressive, but not terrible either.",neutral
Absolutely fantastic! Highly recommend it.,positive
Will definitely buy again!,positive
Top-notch product and service.,positive
Best purchase I've made this year!,positive
Customer service was unhelpful.,negative
Absolutely fantastic! Highly recommend it.,positive
Stopped working after a week.,negative
Will definitely buy again!,positive
"Broke after one use, waste of money.",negative
"Not bad, but could be better.",neutral
Will return it immediately.,negative
Stopped working after a week.,negative
Exceeded my expectations in every way.,positive
"Broke after one use, waste of money.",negative
"Mediocre product, but acceptable.",neutral
Will return it immediately.,negative
Best purchase I've made this year!,positive
"Not impressive, but not terrible either.",neutral
Great value for the price.,positive
"Works fine, but expected more.",neutral
Worst purchase ever. Completely useless.,negative
"Poor quality, not worth the price.",negative
"Average quality, nothing special.",neutral
"Very disappointed, do not recommend.",negative
Stopped working after a week.,negative
Amazing quality and very useful.,positive
"Broke after one use, waste of money.",negative
Terrible experience. Will never buy again.,negative
Top-notch product and service.,positive
Really happy with this purchase.,positive
Absolutely fantastic! Highly recommend it.,positive
"Five stars, very satisfied.",positive
"Not impressive, but not terrible either.",neutral
"Not as described, very dissatisfied.",negative
"It's okay, does the job.",neutral
Will definitely buy again!,positive
Will return it immediately.,negative
Stopped working after a week.,negative
Really happy with this purchase.,positive
"Very disappointed, do not recommend.",negative
"Very disappointed, do not recommend.",negative
Terrible experience. Will never buy again.,negative
Satisfactory performance.,neutral
Best purchase I've made this year!,positive
Amazing quality and very useful.,positive
Really happy with this purchase.,positive
"It's okay, does the job.",neutral
Really happy with this purchase.,positive
Exceeded my expectations in every way.,positive
Worst purchase ever. Completely useless.,negative
"Very disappointed, do not recommend.",negative
"Save your money, this is junk.",negative
Top-notch product and service.,positive
"Save your money, this is junk.",negative
Top-notch product and service.,positive
I love this product! Works great and exceeded my expectations.,positive
Top-notch product and service.,positive
Amazing quality and very useful.,positive
"Not as described, very dissatisfied.",negative
Terrible experience. Will never buy again.,negative
Stopped working after a week.,negative
Exceeded my expectations in every way.,positive
"Not as described, very dissatisfied.",negative
Absolutely fantastic! Highly recommend it.,positive
"Very disappointed, do not recommend.",negative
Will return it immediately.,negative
Customer service was unhelpful.,negative
Customer service was unhelpful.,negative
"Works fine, but expected more.",neutral
Customer service was unhelpful.,negative
"Average quality, nothing special.",neutral
Stopped working after a week.,negative
Customer service was unhelpful.,negative
Absolutely fantastic! Highly recommend it.,positive
Amazing quality and very useful.,positive
I love this product! Works great and exceeded my expectations.,positive
"Five stars, very satisfied.",positive
It's alright for the price.,neutral
Best purchase I've made this year!,positive
Meets basic expectations.,neutral
"Broke after one use, waste of money.",negative
Will return it immediately.,negative
"Not impressive, but not terrible either.",neutral
"Poor quality, not worth the price.",negative
Worst purchase ever. Completely useless.,negative
Satisfactory performance.,neutral
"Broke after one use, waste of money.",negative
Will definitely buy again!,positive
Exceeded my expectations in every way.,positive
Will return it immediately.,negative
I love this product! Works great and exceeded my expectations.,positive
It's alright for the price.,neutral
Exceeded my expectations in every way.,positive
"Not as described, very dissatisfied.",negative
"Five stars, very satisfied.",positive
Really happy with this purchase.,positive
Really happy with this purchase.,positive
"Five stars, very satisfied.",positive
Stopped working after a week.,negative
Top-notch product and service.,positive
Worst purchase ever. Completely useless.,negative
Absolutely fantastic! Highly recommend it.,positive
Will definitely buy again!,positive
Customer service was unhelpful.,negative
"Broke after one use, waste of money.",negative
"Not as described, very dissatisfied.",negative
Terrible experience. Will never buy again.,negative
Will definitely buy again!,positive
Satisfactory performance.,neutral
"Save your money, this is junk.",negative
"Average quality, nothing special.",neutral
Top-notch product and service.,positive
"Five stars, very satisfied.",positive
"Mediocre product, but acceptable.",neutral
Stopped working after a week.,negative
Satisfactory performance.,neutral
"Save your money, this is junk.",negative
I love this product! Works great and exceeded my expectations.,positive
Absolutely fantastic! Highly recommend it.,positive
Meets basic expectations.,neutral
I love this product! Works great and exceeded my expectations.,positive
"Poor quality, not worth the price.",negative
Meets basic expectations.,neutral
Terrible experience. Will never buy again.,negative
"Very disappointed, do not recommend.",negative
"Save your money, this is junk.",negative
"Not as described, very dissatisfied.",negative
Amazing quality and very useful.,positive
Absolutely fantastic! Highly recommend it.,positive
Great value for the price.,positive
Best purchase I've made this year!,positive
"Broke after one use, waste of money.",negative
"Save your money, this is junk.",negative
"Not bad, but could be better.",neutral
Stopped working after a week.,negative
Will definitely buy again!,positive
"Not impressive, but not terrible either.",neutral
Customer service was unhelpful.,negative
"Not impressive, but not terrible either.",neutral
"Works fine, but expected more.",neutral
"Poor quality, not worth the price.",negative
"Broke after one use, waste of money.",negative
"Mediocre product, but acceptable.",neutral
"Broke after one use, waste of money.",negative
"Mediocre product, but acceptable.",neutral
"Broke after one use, waste of money.",negative
Will return it immediately.,negative
Will definitely buy again!,positive
"Poor quality, not worth the price.",negative
Top-notch product and service.,positive
"Not as described, very dissatisfied.",negative
It's alright for the price.,neutral
"Average quality, nothing special.",neutral
Exceeded my expectations in every way.,positive
"It's okay, does the job.",neutral
Great value for the price.,positive
Will return it immediately.,negative
Really happy with this purchase.,positive
Really happy with this purchase.,positive
"Very disappointed, do not recommend.",negative
Top-notch product and service.,positive
I love this product! Works great and exceeded my expectations.,positive
Stopped working after a week.,negative
Amazing quality and very useful.,positive
